,City,Cloudiness,Country,Date,Humidity,Latitude,Longitude,Maximum Temperature,Wind Speed
0,Chui,4,UY,1587327011,78,-33.7,-53.46,67.73,8.21
1,Ponta do Sol,26,PT,1587326994,54,32.67,-17.1,58.55,8.01
2,Stornoway,0,GB,1587327034,70,58.21,-6.39,48.11,4.7
3,Atuona,48,PF,1587326972,74,-9.8,-139.03,82.96,16.98
4,Langerwehe,17,DE,1587327037,63,50.82,6.35,54.32,1.99
5,Hermanus,73,ZA,1587327038,94,-34.42,19.23,60.01,12.01
6,Albany,81,US,1587326845,27,42.6,-73.97,64.11,4.0
7,George Town,20,MY,1587326818,94,5.41,100.34,79.25,4.7
8,Lagoa,46,PT,1587327041,64,39.05,-27.98,57.13,23.09
9,Torbay,90,CA,1587327042,92,47.67,-52.73,33.01,28.86
10,Cape Town,75,ZA,1587326953,87,-33.93,18.42,61.81,18.34
11,Yulara,18,AU,1587327044,31,-25.24,130.99,77.0,3.36
12,Kapaa,75,US,1587327046,69,22.08,-159.32,77.0,5.79
13,Trenggalek,98,ID,1587327047,85,-8.05,111.72,76.12,0.92
14,Hithadhoo,88,MV,1587327048,76,-0.6,73.08,84.72,10.49
15,Ushuaia,75,AR,1587326918,75,-54.8,-68.3,44.6,28.86
16,Esim,98,GH,1587327050,80,4.87,-2.24,82.53,8.25
17,Bluff,85,NZ,1587327051,81,-46.6,168.33,44.01,4.0
18,New Norfolk,100,AU,1587326927,87,-42.78,147.06,47.89,5.37
19,Tsentoroy,11,RU,1587327054,76,43.01,46.22,53.6,2.24
20,Puerto Baquerizo Moreno,72,EC,1587327055,85,-0.9,-89.6,77.83,12.86
21,Fortuna,1,US,1587327056,67,40.6,-124.16,58.68,6.93
22,Beyneu,100,KZ,1587326966,40,45.32,55.2,65.21,9.51
23,Hasaki,75,JP,1587326918,87,35.73,140.83,48.09,12.75
24,Kaitangata,85,NZ,1587327059,50,-46.28,169.85,50.34,11.01
25,Punta Arenas,40,CL,1587327060,65,-53.15,-70.92,44.29,34.45
26,La Primavera,100,CO,1587327062,49,5.49,-70.41,90.07,4.0
27,Tettnang Castle,99,DE,1587327063,52,47.67,9.6,64.4,11.41
28,Jamestown,90,US,1587326902,47,42.1,-79.24,52.27,12.75
29,Rocha,16,UY,1587327027,75,-34.48,-54.33,66.13,4.5
30,Butaritari,28,KI,1587327066,76,3.07,172.79,83.1,10.04
31,São Filipe,0,CV,1587327067,75,14.9,-24.5,72.19,19.3
32,Souillac,75,MU,1587327068,88,-20.52,57.52,76.01,6.93
33,Vaini,20,TO,1587327069,83,-21.2,-175.2,78.8,8.05
34,Haines Junction,97,CA,1587327070,46,60.75,-137.51,47.73,7.52
35,Severo-Kuril'sk,83,RU,1587327072,91,50.68,156.12,29.23,11.56
36,Mataura,95,NZ,1587327073,81,-46.19,168.86,44.01,4.0
37,Broken Hill,100,AU,1587327074,28,-31.95,141.43,69.8,17.22
38,Codrington,55,AU,1587327075,83,-38.27,141.97,59.27,22.26
39,Kavieng,71,PG,1587327076,74,-2.57,150.8,83.59,5.12
40,Busselton,79,AU,1587327077,60,-33.65,115.33,52.57,17.05
41,Lata,21,PT,1587327078,81,40.16,-8.33,58.46,1.99
42,Rikitea,100,PF,1587326819,68,-23.12,-134.97,76.87,6.96
43,Cerro de Pasco,53,PE,1587327080,21,-10.68,-76.27,45.59,9.01
44,Barrow,90,US,1587327082,85,71.29,-156.79,12.2,3.36
45,Tiksi,100,RU,1587327083,89,71.69,128.87,10.42,6.31
46,Salinópolis,87,BR,1587326959,79,-0.61,-47.36,82.08,10.09
47,Lexington,90,US,1587327044,54,37.99,-84.48,58.75,8.05
48,Nemuro,91,JP,1587326833,81,43.32,145.57,37.98,11.14
49,Hong Kong,94,HK,1587326795,83,22.29,114.16,73.63,3.0
50,Ballina,1,AU,1587327088,93,-28.87,153.57,58.82,4.7
51,Constitución,81,CL,1587326926,52,-35.33,-72.42,64.09,17.76
52,Nouadhibou,0,MR,1587327091,60,20.93,-17.03,69.8,21.92
53,Baoqing,100,CN,1587327092,61,46.33,132.21,45.82,15.5
54,San Cristobal,40,VE,1587327093,46,7.77,-72.22,91.4,9.17
55,Arraial do Cabo,40,BR,1587327094,65,-22.97,-42.03,77.0,8.05
56,Iqaluit,5,CA,1587326930,65,63.75,-68.51,5.0,3.36
57,Matamoros,75,MX,1587327097,7,25.53,-103.25,89.82,6.93
58,Puerto Ayora,40,EC,1587326900,70,-0.74,-90.35,84.09,13.87
59,Abhar,12,IR,1587326845,41,36.15,49.22,53.64,2.15
60,Saint-Raphaël,40,HT,1587327100,66,19.43,-72.2,84.2,17.22
61,Sibu,75,MY,1587327090,94,2.3,111.82,78.31,0.96
62,Kichera,2,RU,1587327103,78,55.94,110.1,12.65,8.61
63,Bethel,1,US,1587326911,33,41.37,-73.41,59.72,16.11
64,The Pas,90,CA,1587327105,74,53.83,-101.25,37.4,18.34
65,Saint-Pierre,20,RE,1587327022,73,-21.34,55.48,70.12,16.11
66,Saint-Leu,40,RE,1587327107,73,-21.15,55.28,70.0,14.99
67,The Valley,40,AI,1587326896,58,18.22,-63.06,84.99,9.17
68,Saldanha,4,ZA,1587327109,82,-33.01,17.94,60.8,12.75
69,Abhā,92,SA,1587327111,68,18.22,42.51,65.25,6.93
70,Khovd,0,MN,1587326965,37,48.01,91.64,36.01,0.94
71,San Patricio,5,MX,1587326962,69,19.22,-104.7,78.8,17.22
72,Nikolskoye,75,RU,1587326992,90,59.7,30.79,37.99,4.47
73,Sisophon,17,KH,1587327115,74,13.59,102.97,81.28,6.17
74,Lima,28,PE,1587326955,61,-12.04,-77.03,77.0,9.17
75,Noumea,100,NC,1587326909,94,-22.28,166.46,75.61,4.7
76,Karratha,100,AU,1587327118,60,-20.74,116.85,82.22,4.61
77,Carnarvon,65,AU,1587326939,83,-24.87,113.63,71.6,10.29
78,Hobart,90,AU,1587326885,81,-42.88,147.33,49.05,5.82
79,Lorengau,40,PG,1587326924,78,-2.02,147.27,82.54,6.29
80,Göksun,35,TR,1587327123,67,38.02,36.5,59.0,6.93
81,Dikson,95,RU,1587327124,89,73.51,80.55,34.93,29.04
82,Bairiki Village,40,KI,1587326873,94,1.33,172.98,78.8,3.36
83,Port Alfred,26,ZA,1587327126,45,-33.59,26.89,79.66,12.66
84,Pevek,100,RU,1587327128,94,69.7,170.31,6.69,5.68
85,Aklavik,75,CA,1587327129,41,68.22,-135.01,19.0,4.7
86,Kavaratti,13,IN,1587327130,68,10.57,72.64,85.24,3.38
87,San Jose,75,US,1587326923,48,37.34,-121.89,66.61,10.29
88,Ketchikan,90,US,1587327132,93,55.34,-131.65,45.32,14.99
89,Norman Wells,90,CA,1587327134,68,65.28,-126.83,26.6,14.99
90,Smidovich,100,RU,1587327135,59,48.6,133.82,48.07,13.85
91,Yarkovo,80,RU,1587327136,72,57.4,67.08,39.11,4.25
92,Provideniya,100,RU,1587327138,95,64.38,-173.3,20.86,15.19
93,Santa María del Oro,17,MX,1587327139,6,25.93,-105.37,86.94,20.67
94,Lüderitz,0,NA,1587327140,82,-26.65,15.16,62.6,10.29
95,Kirakira,96,SB,1587326922,78,-10.45,161.92,80.83,1.21
96,Khatanga,56,RU,1587326946,94,71.97,102.5,18.54,4.68
97,Airai,0,TL,1587326970,59,-8.93,125.41,59.32,2.3
98,Kutum,94,SD,1587327145,15,14.2,24.67,68.41,8.37
99,Lebu,100,CL,1587326805,67,-37.62,-73.65,58.77,10.25
100,San Francisco,75,US,1587326956,55,37.77,-122.42,58.46,5.82
101,Nouakchott,0,MR,1587327149,73,18.09,-15.98,69.8,23.04
102,Ilulissat,100,GL,1587327150,58,69.22,-51.1,28.4,21.92
103,Coquimbo,75,CL,1587327151,77,-29.95,-71.34,64.4,11.41
104,Litovko,100,RU,1587327153,56,49.24,135.17,46.62,4.65
105,Morris,20,US,1587327154,38,40.83,-74.53,59.58,8.05
106,Leticia,75,CO,1587326995,66,-4.22,-69.94,86.92,6.93
107,La Ronge,75,CA,1587327156,44,55.1,-105.28,41.0,21.92
108,Te Anau,53,NZ,1587327158,64,-45.42,167.72,47.3,6.08
109,Qaanaaq,76,GL,1587326901,85,77.48,-69.36,19.06,9.19
110,Henties Bay,0,NA,1587327160,93,-22.12,14.28,57.99,3.0
111,Batagay,89,RU,1587326913,87,67.63,134.63,6.31,3.58
112,Saint George,1,US,1587327067,32,37.1,-113.58,70.59,8.05
113,Clyde River,1,CA,1587326893,65,70.47,-68.59,6.8,16.11
114,Mar del Plata,19,AR,1587326920,53,-38.0,-57.56,76.48,18.34
115,Araouane,0,ML,1587327166,29,18.9,-3.53,87.8,10.87
116,Jalu,70,LY,1587326959,23,29.03,21.55,72.39,5.5
117,Saint Paul Harbor,90,US,1587327168,81,57.79,-152.41,44.6,9.17
118,Perth,20,AU,1587327115,87,-31.93,115.83,50.68,5.82
119,Castro,33,BR,1587327170,56,-24.79,-50.01,62.6,3.02
120,Thompson,90,CA,1587327171,79,55.74,-97.86,21.2,9.17
121,General Pico,2,AR,1587327172,39,-35.66,-63.76,77.72,2.93
122,Vanimo,100,PG,1587327174,79,-2.67,141.3,81.32,0.69
123,São Félix do Xingu,98,BR,1587326931,87,-6.64,-51.99,77.74,1.5
124,Vila Velha,40,BR,1587327147,69,-20.33,-40.29,76.48,14.99
125,Caravelas,76,BR,1587327178,76,-17.71,-39.25,76.26,17.02
126,Hilo,75,US,1587326622,57,19.73,-155.09,75.16,3.36
127,Biltine,97,TD,1587327180,13,14.53,20.92,81.7,9.64
128,Tupã,53,BR,1587327181,72,-21.93,-50.51,72.1,6.46
129,Kalmunai,67,LK,1587327182,80,7.42,81.82,81.82,5.75
130,Rome,90,US,1587327139,81,43.21,-75.46,46.38,11.41
131,Camabatela,82,AO,1587327122,69,-8.19,15.38,62.78,2.8
132,Sitka,90,US,1587327186,93,57.05,-135.33,41.0,3.36
133,Paraibano,100,BR,1587327187,85,-6.43,-43.98,76.93,3.33
134,Grindavik,90,IS,1587327188,93,63.84,-22.43,46.27,29.97
135,Tilichiki,81,RU,1587327189,90,60.47,166.1,12.72,13.67
136,Yellowknife,40,CA,1587326894,62,62.46,-114.35,24.8,14.99
137,Port Elizabeth,59,ZA,1587326896,78,-33.92,25.57,71.6,4.7
138,Koslan,100,RU,1587327193,94,63.46,48.9,31.73,3.18
139,Katsuura,100,JP,1587326815,76,35.13,140.3,57.52,10.04
140,East London,0,ZA,1587326799,58,-33.02,27.91,75.74,13.09
141,Myshkin,0,RU,1587327196,89,57.79,38.45,32.7,4.09
142,Pacific Grove,90,US,1587326813,63,36.62,-121.92,58.98,3.36
143,Barinitas,91,VE,1587327199,48,8.76,-70.41,82.38,2.75
144,Carutapera,77,BR,1587326938,82,-1.2,-46.02,80.69,8.3
145,Tuktoyaktuk,90,CA,1587326814,84,69.45,-133.04,8.6,11.41
146,Zaysan,0,KZ,1587327202,41,47.47,84.87,51.21,2.8
147,Carballo,20,ES,1587327203,86,43.21,-8.69,55.24,4.41
148,Hobyo,100,SO,1587326955,72,5.35,48.53,84.81,10.47
149,Vladislavovka,100,UA,1587327205,71,45.17,35.37,52.07,7.18
150,Broome,1,US,1587327117,43,42.25,-75.83,56.39,16.11
151,Savannakhet,84,LA,1587327208,53,16.57,104.75,83.34,4.63
152,Raudeberg,0,NO,1587327209,70,61.99,5.14,43.18,9.17
153,Bubaque,80,GW,1587327193,74,11.28,-15.83,77.41,16.26
154,Bredasdorp,9,ZA,1587326914,87,-34.53,20.04,60.42,4.7
155,Monterey,96,US,1587327212,47,36.25,-121.25,60.71,8.99
156,Tuatapere,53,NZ,1587327179,81,-46.13,167.68,44.01,4.0
157,Srednekolymsk,72,RU,1587327130,91,67.45,153.68,0.99,11.61
158,Bukachacha,100,RU,1587327215,76,52.98,116.92,15.64,6.89
159,Upernavik,100,GL,1587326953,88,72.79,-56.15,23.95,18.52
160,Wanning,98,CN,1587327218,89,18.8,110.4,77.38,10.0
161,Chernyshevskiy,0,RU,1587327219,92,63.01,112.47,9.41,2.62
162,Mahébourg,75,MU,1587327220,88,-20.41,57.7,75.9,6.93
163,Santa Marta,75,CO,1587326953,62,11.24,-74.2,90.19,8.05
164,Gamba,100,GA,1587327223,84,-2.65,10.0,79.11,10.31
165,Kahului,20,US,1587327190,61,20.89,-156.47,75.99,6.93
166,Juneau,40,US,1587327225,57,58.3,-134.42,51.8,6.93
167,Cherskiy,100,RU,1587327172,93,68.75,161.3,4.64,6.87
168,Vestmanna,3,FO,1587327227,87,62.16,-7.17,44.6,10.29
169,Tasiilaq,100,GL,1587327229,69,65.61,-37.64,33.8,4.7
170,Ribeira Grande,20,PT,1587326936,51,38.52,-28.7,59.0,18.34
171,Gloversville,90,US,1587327231,41,43.05,-74.34,57.22,17.22
172,Calbuco,90,CL,1587327232,72,-41.77,-73.13,59.0,8.05
173,Ugoofaaru,0,MV,1587327233,72,5.67,73.0,85.95,8.52
174,Khuzdar,81,PK,1587327234,29,27.74,66.64,68.61,3.31
175,Duluth,1,US,1587327235,20,46.78,-92.11,42.49,5.82
176,Eureka,8,US,1587327115,75,40.8,-124.16,58.32,5.01
177,Tiarei,100,PF,1587326976,70,-17.53,-149.33,86.0,9.17
178,Cairns,75,AU,1587327133,88,-16.92,145.77,75.04,9.17
179,Menongue,72,AO,1587327240,53,-14.66,17.69,63.88,5.61
180,Adrar,0,MR,1587327241,16,20.5,-10.07,79.21,7.43
181,Kongolo,72,CD,1587327242,80,-5.38,27.0,68.88,0.63
182,Touros,40,BR,1587327163,70,-5.2,-35.46,86.0,17.22
183,Casablanca,40,MA,1587327244,68,33.59,-7.62,63.36,11.41
184,Lake City,40,US,1587327246,51,30.19,-82.64,85.05,10.29
185,Qui Nhon,100,VN,1587327036,87,13.77,109.23,76.35,6.96
186,Isangel,100,VU,1587327248,83,-19.55,169.27,78.55,14.72
187,Huainan,74,CN,1587327249,83,32.63,117.0,52.12,5.7
188,Kidal,99,ML,1587327251,11,18.44,1.41,87.33,4.03
189,Dharmavaram,47,IN,1587327252,42,14.43,77.72,80.47,3.71
190,Wembley,20,AU,1587327253,87,-31.93,115.8,50.99,5.82
191,Shellbrook,75,CA,1587327254,42,53.22,-106.4,46.4,25.28
192,Thinadhoo,90,MV,1587326981,76,0.53,72.93,84.51,11.18
193,Aginskoye,53,RU,1587327126,81,51.1,114.53,18.57,9.37
194,Estelle,1,US,1587327257,65,29.85,-90.11,83.91,9.17
195,Peruíbe,29,BR,1587327259,77,-24.32,-47.0,71.69,7.76
196,Zhigansk,100,RU,1587326817,93,66.77,123.37,12.87,9.15
197,Tessalit,1,ML,1587327261,22,20.2,1.01,86.04,12.86
198,Chokurdakh,94,RU,1587327262,94,70.63,147.92,6.67,10.47
199,Dédougou,98,BF,1587327263,35,12.47,-3.47,91.0,7.07
200,Inhambane,9,MZ,1587327264,78,-23.86,35.38,73.4,10.45
201,Ngaoundéré,71,CM,1587327265,51,7.32,13.58,72.39,4.94
202,Taltal,0,CL,1587327267,61,-25.4,-70.48,68.9,4.23
203,Marawi,40,PH,1587327213,75,8.0,124.29,69.01,2.21
204,Krasnoborsk,67,RU,1587327269,95,61.56,45.93,32.29,3.65
205,Madawaska,90,US,1587327270,32,47.36,-68.33,51.39,9.17
206,Zyryanka,0,RU,1587327271,86,65.75,150.85,0.39,4.52
207,Vao,100,NC,1587327151,79,-22.67,167.48,76.21,14.85
208,Mahajanga,40,MG,1587327274,88,-15.72,46.32,75.2,6.93
209,Mount Gambier,90,AU,1587327275,87,-37.83,140.77,60.8,33.33
210,Iberia,20,US,1587327276,66,29.95,-91.75,86.0,14.99
211,Sulangan,45,PH,1587327277,82,11.14,123.72,81.81,14.14
212,Bonavista,100,CA,1587327278,98,48.65,-53.11,31.3,38.56
213,Province of Mantua,100,IT,1587327221,82,45.17,10.78,64.99,1.99
214,Ozernovskiy,100,RU,1587327281,90,51.5,156.52,28.67,11.63
215,Narsaq,20,GL,1587327195,50,60.92,-46.05,33.8,2.24
216,Saint-Philippe,40,RE,1587327160,73,-21.36,55.77,68.85,14.99
217,Marrakesh,75,MA,1587327284,55,31.63,-8.01,64.4,12.75
218,Najrān,40,SA,1587327285,57,17.49,44.13,75.2,4.7
219,Nabire,45,ID,1587327285,84,-3.37,135.48,75.69,3.0
220,Araripina,100,BR,1587327287,78,-7.58,-40.5,72.1,5.57
221,Yumen,20,CN,1587327288,26,40.28,97.2,41.52,12.71
222,Leningradskiy,95,RU,1587327289,92,69.38,178.42,10.92,7.92
223,Santa Rosa,20,PH,1587327291,69,14.31,121.11,81.46,3.36
224,Kawalu,80,ID,1587327292,80,-7.38,108.21,73.47,1.45
225,Naze,75,JP,1587327293,94,28.37,129.48,68.0,14.99
226,La Providencia,52,MX,1587327294,30,28.72,-111.58,84.06,14.0
227,Pacifica,75,US,1587327295,51,37.61,-122.49,59.11,11.41
228,Kosterevo,33,RU,1587327296,88,55.93,39.61,33.53,3.2
229,Cayenne,20,GF,1587326998,74,4.93,-52.33,84.2,11.41
230,East Wenatchee Bench,1,US,1587327255,36,47.43,-120.28,64.4,8.05
231,Marsh Harbour,74,BS,1587327300,72,26.54,-77.06,82.2,12.28
232,Tura,16,IN,1587327301,81,25.52,90.22,70.16,4.16
233,Kudahuvadhoo,43,MV,1587327302,74,2.67,72.89,84.63,10.22
234,Lompoc,90,US,1587327303,59,34.64,-120.46,61.86,12.75
235,Korla,100,CN,1587327304,43,41.76,86.15,61.0,6.4
236,Port Jervis,97,US,1587327133,44,41.38,-74.69,58.05,13.89
237,Geraldton,0,AU,1587327306,93,-28.77,114.6,55.4,9.17
238,Voskresenskoye,100,RU,1587327308,75,56.84,45.43,37.33,2.26
239,Lázaro Cárdenas,24,MX,1587327309,59,17.96,-102.2,84.36,9.04
240,Cidreira,0,BR,1587326800,79,-30.18,-50.21,68.86,13.82
241,Alofi,61,NU,1587327307,94,-19.06,-169.92,78.8,4.7
242,Klaksvík,1,FO,1587327312,87,62.23,-6.59,44.6,10.29
243,Young,0,UY,1587327313,43,-32.68,-57.63,82.0,1.99
244,Husavik,63,IS,1587327314,70,66.04,-17.34,46.4,23.04
245,Gornyy,100,RU,1587327315,65,55.12,83.91,44.64,0.47
246,Aripuanã,92,BR,1587327316,81,-9.17,-60.63,80.2,1.81
247,Dunedin,50,NZ,1587327318,56,-45.87,170.5,51.19,10.11
248,Bambous Virieux,75,MU,1587327319,88,-20.34,57.76,76.05,6.93
249,Saint-Paul,13,RE,1587327320,73,-21.01,55.27,66.24,12.75
250,Esna,0,EG,1587327321,39,25.29,32.55,78.8,13.65
251,Ciudad Bolivar,83,VE,1587327301,32,8.12,-63.55,96.22,9.78
252,Kez,29,RU,1587327324,89,57.9,53.72,31.53,3.67
253,Havre-St-Pierre,1,CA,1587327325,51,50.23,-63.6,35.6,11.41
254,Pokhara,63,NP,1587327326,29,28.23,83.98,61.47,3.27
255,Bathsheba,20,BB,1587327265,58,13.22,-59.52,86.0,20.8
256,Chuzhou,98,CN,1587327329,96,32.32,118.3,53.01,6.4
257,Sabha,3,LY,1587327330,15,27.04,14.43,83.37,20.38
258,Baruun-Urt,83,MN,1587327331,76,46.68,113.28,22.12,15.64
259,Maceió,75,BR,1587327332,74,-9.67,-35.74,82.4,11.41
260,Guerrero Negro,84,MX,1587327333,56,27.98,-114.06,67.68,18.21
261,Manicoré,20,BR,1587327335,66,-5.81,-61.3,87.8,4.7
262,Ocotal,0,NI,1587327336,11,13.63,-86.48,97.05,6.49
263,Esperance,0,AU,1587327207,87,-33.87,121.9,51.8,5.82
264,Port Lincoln,100,AU,1587327215,65,-34.73,135.87,61.27,17.22
265,Biu,96,NG,1587327339,11,10.61,12.19,82.53,4.72
266,Maniitsoq,100,GL,1587327340,96,65.42,-52.9,29.41,42.55
267,Beringovskiy,100,RU,1587327199,96,63.05,179.32,18.32,16.44
268,Ostrovnoy,89,RU,1587327342,96,68.05,39.51,28.85,8.95
269,Vysokogornyy,100,RU,1587327126,63,50.12,139.15,37.45,2.57
270,Alice Springs,2,AU,1587327345,27,-23.7,133.88,78.8,10.29
271,Saint-Joseph,40,RE,1587327294,73,-21.37,55.62,69.03,14.99
272,Altar,84,MX,1587327347,22,30.7,-111.82,80.01,3.0
273,São Gabriel da Cachoeira,40,BR,1587327348,66,-0.13,-67.09,87.8,4.7
274,Boysun,82,UZ,1587327349,42,38.21,67.2,53.02,3.29
275,Bengkulu,100,ID,1587327249,84,-3.8,102.27,77.49,3.58
276,Raduzhny,100,RU,1587327351,85,62.1,77.47,42.55,3.18
277,Noyabrsk,98,RU,1587327353,85,63.2,75.45,34.41,8.14
278,Sørland,100,NO,1587327229,93,67.67,12.69,40.8,18.63
279,Krasnosel'kup,100,RU,1587327355,94,65.7,82.47,38.39,22.19
280,Samdrup Jongkhar District,28,BT,1587327356,56,26.92,91.62,63.07,4.94
281,Halifax,0,CA,1587327315,20,44.65,-63.57,48.81,5.01
282,Gwembe,1,ZM,1587327358,52,-16.5,27.61,63.18,1.5
283,Kyren,77,RU,1587327359,80,51.68,102.14,23.34,3.89
284,Velká Bystřice,0,CZ,1587327361,47,49.59,17.37,46.0,3.0
285,Santa Maria,0,BR,1587327362,32,-29.68,-53.81,84.2,5.82
286,Bilma,78,NE,1587327195,12,18.69,12.92,86.0,4.54
287,Porto-Novo,40,BJ,1587327324,78,6.5,2.6,82.4,9.17
288,Berlevåg,75,NO,1587327365,93,70.86,29.09,35.6,24.16
289,Avarua,2,CK,1587327367,74,-21.21,-159.78,80.6,6.93
290,Quesnel,1,CA,1587327368,36,53.0,-122.5,60.8,2.24
291,Abay,7,KZ,1587327369,93,49.63,72.85,41.0,4.47
292,Jijiga,100,ET,1587327370,51,9.35,42.8,67.19,4.72
293,Saskylakh,0,RU,1587327372,94,71.92,114.08,12.06,3.33
294,Malye Derbety,100,RU,1587327373,89,47.95,44.68,46.2,5.01
295,Tual,1,ID,1587327374,72,-5.67,132.75,83.97,6.8
296,Selty,48,RU,1587327375,87,57.31,52.13,33.17,3.29
297,Sārangpur,100,IN,1587327377,21,23.57,76.47,81.7,7.27
298,Freeport,1,US,1587327252,54,40.66,-73.58,53.62,25.28
299,Kyra,100,RU,1587327379,84,49.58,111.98,20.12,7.02
300,Kruisfontein,40,ZA,1587327380,50,-34.0,24.73,67.55,8.79
301,Marystown,100,CA,1587327382,94,47.17,-55.15,37.63,30.06
302,Sobolevo,3,RU,1587327383,83,54.43,31.9,34.07,10.49
303,Miraflores,20,MX,1587327384,30,19.22,-98.81,81.12,5.82
304,Lufilufi,100,WS,1587327385,75,-13.87,-171.6,84.2,16.17
305,Kapit,100,MY,1587327387,92,2.02,112.93,74.43,0.25
306,Faya,87,SA,1587327388,68,18.39,42.45,65.3,6.93
307,Santa Cruz de la Sierra,20,BO,1587327224,30,-17.8,-63.17,92.52,2.24
308,Prado,94,BR,1587327391,79,-17.34,-39.22,75.76,16.93
309,Eyl,81,SO,1587327392,73,7.98,49.82,83.53,7.81
310,Camargo,10,MX,1587327393,9,27.67,-105.17,84.69,11.74
311,Abu Dhabi,82,AE,1587327394,33,24.47,54.37,84.83,3.36
312,Anchorage,90,US,1587327395,75,61.22,-149.9,43.79,4.7
313,Doumé,100,CM,1587327397,79,4.23,13.45,69.55,3.0
314,Oparino,1,RU,1587327398,93,59.85,48.28,30.54,4.03
315,Parabel',100,RU,1587327399,71,58.7,81.48,44.62,9.64
316,Fort Nelson,40,CA,1587327323,47,58.81,-122.7,62.6,11.41
317,Santa Rosalía,81,MX,1587327401,26,27.32,-112.28,76.17,3.02
318,Benguela,99,AO,1587327403,81,-12.58,13.41,79.47,2.15
319,Rio Grande,20,BR,1587327308,57,-32.03,-52.1,76.84,12.75
320,Ginir,98,ET,1587327382,56,7.13,40.7,60.58,4.52
321,Empalme,5,MX,1587327406,57,27.97,-110.82,81.82,14.99
322,Urubichá,96,BO,1587327407,59,-15.38,-62.95,83.14,0.83
323,Havelock,100,US,1587327128,84,34.88,-76.9,68.63,5.01
324,Cockburn Town,0,TC,1587327409,80,21.46,-71.14,79.16,13.8
325,Baijiantan,54,CN,1587327411,43,45.63,85.18,60.28,5.23
326,Keller,75,US,1587327136,61,32.93,-97.25,80.02,8.05
327,Okoneshnikovo,9,RU,1587327413,82,54.84,75.08,49.59,3.89
328,Urusha,86,RU,1587327414,81,54.05,122.9,13.82,5.61
329,Morondava,0,MG,1587327415,73,-20.28,44.28,78.6,7.45
330,Hamilton,40,US,1587327222,58,39.18,-84.53,55.13,8.05
331,Nador,59,MA,1587327417,63,35.17,-2.93,63.57,21.92
332,Cam Ranh,20,VN,1587327418,88,11.92,109.16,82.4,2.24
333,Ambon City,69,ID,1587327420,73,-3.7,128.18,83.44,5.73
334,Ko Samui,66,TH,1587327421,68,9.54,99.94,84.52,9.08
335,Krasnoarmiys'k,100,UA,1587327422,70,48.28,37.18,45.93,2.66
336,Nizhniy Kuranakh,100,RU,1587327423,90,58.84,125.49,11.97,3.83
337,Port Hardy,90,CA,1587327424,87,50.7,-127.42,50.0,6.93
338,Champerico,75,GT,1587327241,52,14.3,-91.92,91.4,11.41
339,Aksarka,100,RU,1587327426,93,66.56,67.8,33.94,4.38
340,Salalah,20,OM,1587327266,69,17.02,54.09,82.4,5.82
341,General Delgado,20,PY,1587327429,48,-27.17,-56.52,83.37,5.82
342,Vicuña,75,CL,1587327430,77,-30.03,-70.71,64.4,11.41
343,Alugan,88,PH,1587327431,84,12.22,125.48,81.34,13.85
344,Wana,100,PK,1587327432,35,32.3,69.57,59.7,3.02
345,Labuhan,91,ID,1587327279,80,-6.88,112.21,79.0,1.77
346,San Ramon,20,US,1587327434,52,37.78,-121.98,62.47,9.17
347,Richards Bay,0,ZA,1587327423,77,-28.78,32.04,69.13,9.6
348,Dingle,78,PH,1587327436,86,11.0,122.67,79.23,9.95
349,Necochea,42,AR,1587327350,73,-38.55,-58.74,68.34,5.01
350,Yar-Sale,99,RU,1587327439,97,66.83,70.83,34.14,7.58
351,Northam,90,GB,1587327440,69,51.03,-4.22,54.0,1.99
352,Dalby,0,AU,1587327441,93,-27.18,151.27,39.2,5.82
353,Ucluelet,90,CA,1587327216,76,48.93,-125.55,52.86,5.82
354,Sirte,91,LY,1587327443,39,31.21,16.59,69.64,19.15
355,Lodja,100,CD,1587327444,86,-3.48,23.43,70.12,2.39
356,Comodoro Rivadavia,20,AR,1587327258,36,-45.87,-67.5,62.6,28.86
357,Shitkino,0,RU,1587327446,84,56.37,98.35,29.07,6.96
358,Mishelevka,76,RU,1587327448,82,52.86,103.17,27.0,4.68
359,Puerto Princesa City,33,PH,1587327449,77,9.74,118.74,80.62,5.26
360,Bilibino,86,RU,1587327450,78,68.05,166.44,4.78,2.82
361,Nieuw Amsterdam,40,SR,1587327451,78,5.88,-55.08,81.37,9.17
362,Russi,100,IT,1587327452,87,44.37,12.03,60.24,4.7
363,Altay,3,CN,1587327453,36,47.87,88.12,46.78,6.58
364,Florianópolis,20,BR,1587327321,53,-27.61,-48.5,75.2,9.17
365,Jinka,70,ET,1587327455,62,5.65,36.65,62.22,1.97
366,Rawson,97,AR,1587327456,28,-43.3,-65.1,65.5,13.67
367,Mundo Nuevo (Ojo de Agua),0,MX,1587327458,42,18.7,-95.5,96.28,16.46
368,Nanortalik,13,GL,1587327239,90,60.14,-45.24,29.89,13.42
369,Makat,100,KZ,1587327460,65,47.65,53.35,58.69,9.82
370,Anadyr,40,RU,1587327461,92,64.75,177.48,16.48,4.47
371,Bontang,100,ID,1587327192,88,0.13,117.5,76.05,5.01
372,Ahipara,100,NZ,1587327279,88,-35.17,173.17,61.61,6.44
373,Kano,99,NG,1587327464,33,12.0,8.52,87.8,2.24
374,Olafsvik,100,IS,1587327341,94,64.89,-23.71,43.39,17.27
375,Los Llanos de Aridane,20,ES,1587327466,68,28.66,-17.92,62.46,14.99
376,Boffa,8,GN,1587327468,75,10.17,-14.03,80.65,6.87
377,Ust-Kuyga,18,RU,1587327469,92,70.02,135.6,4.84,6.89
378,Poya,85,NC,1587327470,78,-21.35,165.15,78.37,7.47
379,Marabu,75,MY,1587327471,100,4.41,114.01,78.4,3.27
380,Mangai,88,CD,1587327472,85,-4.05,19.53,69.62,1.83
381,Uglovoye,100,UA,1587327473,80,44.82,33.6,50.88,6.22
382,Sibolga,65,ID,1587327309,80,1.74,98.78,76.77,3.27
383,Atambua,21,ID,1587327476,73,-9.11,124.89,73.0,3.29
384,Hambantota,94,LK,1587327407,83,6.12,81.12,81.55,8.55
385,Kloulklubed,94,PW,1587327478,81,7.04,134.26,82.42,16.17
386,Belyy Yar,0,RU,1587327479,41,53.6,91.39,42.8,8.95
387,Macia,0,MZ,1587327480,90,-25.03,33.1,65.79,4.43
388,Roald,0,NO,1587327481,93,62.58,6.13,40.73,12.75
389,Nantucket,1,US,1587327246,66,41.28,-70.1,50.79,27.51
390,Portland,20,US,1587327343,50,45.52,-122.68,58.57,3.36
391,Ola,0,RU,1587327485,82,59.58,151.28,2.82,6.58
392,Kenora,90,CA,1587327486,47,49.82,-94.43,35.29,13.87
393,Imbituba,20,BR,1587327487,53,-28.24,-48.67,75.2,9.17
394,Mossamedes,5,AO,1587327488,63,-15.2,12.15,75.06,7.07
395,Jensen Beach,40,US,1587327489,66,27.25,-80.23,87.39,11.41
396,Dillon,75,US,1587327490,82,34.42,-79.37,67.21,6.93
397,Itaituba,40,BR,1587327491,62,-4.28,-55.98,89.6,1.9
398,Hīt,7,IQ,1587327493,30,33.64,42.83,76.5,2.68
399,Laas,75,IT,1587327422,87,46.62,10.7,50.0,4.7
400,Marzuq,99,YE,1587327495,46,14.4,46.47,75.65,1.14
401,Ordzhonīkīdze,100,KZ,1587327496,70,52.44,61.74,45.95,6.96
402,Longyearbyen,75,SJ,1587327210,69,78.22,15.64,33.8,35.57
403,Tazovsky,100,RU,1587327498,98,67.47,78.7,34.88,6.31
404,Novoil'insk,82,RU,1587327499,80,51.68,108.71,19.35,4.05
405,Inndyr,75,NO,1587327500,86,67.03,14.03,40.48,17.22
406,Boddam,75,GB,1587327501,87,57.47,-1.78,42.58,9.17
407,Cabo San Lucas,5,MX,1587327503,50,22.89,-109.91,78.44,10.29
408,Lake Sebu,84,PH,1587327504,76,6.22,124.69,70.99,1.61
409,San Luis,0,AR,1587327333,29,-33.3,-66.34,76.96,6.17
410,Batagay-Alyta,97,RU,1587327506,86,67.8,130.41,15.49,2.53
411,Markala,100,ML,1587327507,21,13.7,-6.07,96.66,12.66
412,Peleduy,52,RU,1587327508,92,59.63,112.74,13.12,1.9
413,Lasem,84,ID,1587327509,75,-6.69,111.45,81.03,2.13
414,Basco,92,PH,1587327511,90,20.45,121.97,80.15,11.3
415,Gondomar,40,PT,1587327512,82,41.14,-8.53,56.5,5.82
416,Campo Formoso,100,BR,1587327513,72,-10.51,-40.32,72.52,8.43
417,Sesheke,5,ZM,1587327514,82,-17.48,24.3,66.2,1.12
418,Gizo Government Station,95,SB,1587327347,76,-8.1,156.84,82.08,3.85
419,Russell,90,US,1587327323,93,32.35,-85.2,56.35,3.36
420,Murgab,0,TM,1587327405,55,37.5,61.97,64.4,6.22
421,Pangnirtung,20,CA,1587327518,84,66.15,-65.71,3.2,6.93
422,Ritchie,7,ZA,1587327520,77,-29.04,24.6,62.6,5.82
423,Shingū,100,JP,1587327521,90,33.73,135.98,60.01,10.96
424,Matagami,20,CA,1587327452,61,49.75,-77.63,15.8,13.87
425,Honiara,20,SB,1587327257,94,-9.43,159.95,75.2,3.36
426,Palu,76,ID,1587327324,81,-0.89,119.87,76.03,3.09
427,Itoman,75,JP,1587327525,88,26.12,127.67,74.59,13.87
428,Sept-Îles,90,CA,1587327320,93,50.2,-66.38,33.42,13.87
429,Mitsamiouli,79,KM,1587327527,74,-11.38,43.28,83.07,17.81
430,Maun,4,BW,1587327528,46,-19.98,23.42,73.4,8.05
431,Barbate,40,ES,1587327529,82,36.19,-5.92,62.58,16.11
432,Barranco,16,PA,1587327530,70,9.52,-82.7,85.91,8.05
433,São João da Barra,75,BR,1587327532,61,-21.64,-41.05,77.9,11.41
434,Koungou,75,YT,1587327533,74,-12.73,45.2,82.4,8.05
435,Talnakh,100,RU,1587327535,69,69.49,88.4,39.2,29.08
436,Buluang,100,PH,1587327536,87,13.31,123.34,76.87,5.79
437,Lincoln,20,US,1587327354,36,40.8,-96.67,62.47,3.0
438,Clonakilty,75,IE,1587327538,93,51.62,-8.87,48.6,9.17
439,Hargeisa,100,SO,1587327539,52,9.56,44.06,71.8,7.02
440,Zhezkazgan,98,KZ,1587327541,32,47.8,67.71,60.24,7.45
441,Makassar,20,ID,1587327542,100,-5.14,119.42,73.4,2.24
442,Lagos,40,NG,1587327300,88,6.58,3.75,80.6,3.36
443,Kieta,98,PG,1587327357,77,-6.22,155.63,80.98,5.39
444,Micheweni,100,TZ,1587327545,78,-4.97,39.83,81.52,14.85
445,Santa Isabel,40,BR,1587327546,68,-23.32,-46.22,72.16,8.05
446,Alihe,100,CN,1587327547,81,50.57,123.72,22.77,11.72
447,Suihua,100,CN,1587327549,81,46.64,127.0,49.26,16.04
448,Ust-Nera,92,RU,1587327550,78,64.57,143.2,0.93,3.24
449,Selikhino,100,RU,1587327551,81,50.37,137.5,35.47,6.26
450,Iskateley,100,RU,1587327552,98,67.68,53.15,31.46,4.7
451,Trincomalee,1,LK,1587327421,79,8.57,81.23,81.14,6.02
452,Constantine,75,DZ,1587327555,77,36.37,6.61,60.8,2.24
453,Clearwater,1,US,1587327556,61,27.97,-82.8,83.35,9.17
454,San Policarpo,90,PH,1587327439,84,12.18,125.51,81.63,14.05
455,Abnūb,0,EG,1587327558,52,27.27,31.15,69.8,10.29
456,Chikwawa,57,MW,1587327559,80,-16.03,34.8,71.1,6.44
457,Edd,97,ER,1587327561,65,13.93,41.69,86.67,6.76
458,Vila,20,PT,1587327562,87,42.03,-8.16,51.78,4.7
459,Santa Fe,0,AR,1587327564,40,-31.63,-60.7,84.97,3.0
460,Mehamn,75,NO,1587327565,86,71.04,27.85,39.2,20.8
461,Prince Rupert,90,CA,1587327566,93,54.32,-130.32,46.4,4.7
462,Ulladulla,100,AU,1587327567,76,-35.35,150.47,51.39,6.93
463,Tarauacá,3,BR,1587327569,45,-8.16,-70.77,86.36,2.04
464,Ishigaki,84,JP,1587327376,85,24.34,124.16,77.43,14.41
465,Faanui,67,PF,1587327353,74,-16.48,-151.75,83.21,14.52
466,Brigantine,1,US,1587327572,47,39.41,-74.36,55.02,21.92
467,Kendari,81,ID,1587327573,92,-3.94,122.5,74.43,3.24
468,Vila Franca do Campo,20,PT,1587327574,62,37.72,-25.43,59.0,18.34
469,Mataram,40,ID,1587327575,94,-8.58,116.12,75.2,5.37
470,Bedford,0,GB,1587327577,68,52.13,-0.47,48.69,4.0
471,Soto la Marina,70,MX,1587327578,48,23.77,-98.22,99.0,8.01
472,Truro,86,GB,1587327312,71,50.27,-5.05,53.06,3.36
473,Bucerías,5,MX,1587327580,73,20.75,-105.33,77.97,13.87
474,Butembo,85,CD,1587327581,65,0.15,29.28,56.53,0.94
475,La Asuncion,76,VE,1587327583,55,11.03,-63.86,87.8,16.11
476,Praia da Vitória,20,PT,1587327297,62,38.73,-27.07,59.0,24.74
477,Gorontalo,95,ID,1587327585,87,0.54,123.06,76.75,2.3
478,Mopipi,0,BW,1587327586,34,-21.18,24.88,71.94,15.41
479,Belmonte,75,BR,1587327587,83,-15.86,-38.88,75.2,11.41
480,Sālūmbar,100,IN,1587327588,23,24.13,74.05,80.94,3.11
481,Grand Gaube,75,MU,1587327293,88,-20.01,57.66,76.32,6.93
482,Lamovita,100,BA,1587327590,67,44.93,16.91,62.6,4.7
483,Kailua,1,US,1587327592,54,21.4,-157.74,78.87,9.17
484,Praia,20,CV,1587327593,64,14.92,-23.51,73.4,19.46
485,Iranshahr,89,IR,1587327433,42,27.2,60.68,80.6,4.61
486,Sisimiut,100,GL,1587327595,97,66.94,-53.67,27.73,20.89
487,Mahon,75,ES,1587327596,100,39.89,4.27,60.8,8.05
488,Charters Towers,64,AU,1587327390,29,-20.1,146.27,67.66,7.09
489,Hanna,100,CA,1587327599,43,51.63,-111.9,49.21,15.82
490,Palmares do Sul,0,BR,1587327600,76,-30.26,-50.51,67.57,9.28
491,Khandyga,0,RU,1587327601,87,62.67,135.6,1.49,3.24
492,Vardø,75,NO,1587327602,86,70.37,31.11,36.5,23.04
493,Sumbe,90,AO,1587327604,86,-11.21,13.84,78.15,4.68
494,Bismil,20,TR,1587327605,76,37.85,40.67,56.3,4.7
495,Asău,75,RO,1587327606,87,46.43,26.4,45.9,14.99
496,Kaeo,100,NZ,1587327607,94,-35.1,173.78,58.48,5.06
497,Mizdah,100,LY,1587327608,22,31.45,12.98,74.35,20.67
498,Tungor,100,RU,1587327610,98,53.38,142.96,29.01,11.34
499,Wooster,40,US,1587327606,50,40.81,-81.94,56.16,13.87
500,Killybegs,1,IE,1587327612,71,54.63,-8.45,53.04,11.41
501,Sumenep,100,ID,1587327614,75,-7.02,113.87,80.56,0.63
502,Coyhaique,90,CL,1587327615,87,-45.58,-72.07,43.93,4.7
503,Singida,100,TZ,1587327616,61,-4.82,34.75,61.66,2.91
504,Laguna,40,US,1587327437,52,38.42,-121.42,65.5,9.17
505,Benghazi,55,LY,1587327618,44,32.12,20.07,66.24,11.65
506,Yarmouth,1,US,1587327620,50,41.71,-70.23,51.96,27.51
507,Whitehorse,75,CA,1587327621,32,60.72,-135.05,55.4,11.41
508,Chapais,90,CA,1587327622,57,49.78,-74.85,23.0,11.41
509,Cururupu,55,BR,1587327623,86,-1.83,-44.87,79.57,4.83
510,Gladstone,0,AU,1587327625,88,-23.85,151.25,69.8,4.7
511,Alta Floresta,40,BR,1587327626,94,-9.88,-56.09,77.0,2.24
512,Bodītī,90,ET,1587327627,44,6.97,37.87,61.97,2.95
513,Morehead,90,US,1587327628,54,37.27,-87.18,59.83,3.36
514,Pemba,75,MZ,1587327423,78,-12.97,40.52,78.8,9.17
515,Xiongzhou,31,CN,1587327631,80,25.12,114.3,66.69,2.55
516,Olgina,80,EE,1587327632,84,59.4,28.13,36.36,6.76
517,Tyshkivka,100,UA,1587327633,56,48.5,30.94,44.01,4.5
518,Coruripe,8,BR,1587327634,79,-10.13,-36.18,80.73,11.05
519,Mahbūbnagar,2,IN,1587327636,41,16.73,77.98,79.54,5.73
520,Province of Siena,100,IT,1587327637,90,43.22,11.4,59.07,1.19
521,Palmira,20,CO,1587327638,52,3.54,-76.3,87.8,3.36
522,Balikpapan,100,ID,1587327639,92,-1.27,116.83,75.38,3.69
523,Amfissa,72,GR,1587327640,44,38.52,22.37,60.37,1.9
524,Oliver,75,CA,1587327641,51,49.18,-119.55,63.19,11.41
525,Nishihara,75,JP,1587327642,88,26.18,127.76,73.83,16.11
526,Kuril'sk,1,RU,1587327643,82,45.23,147.88,35.89,10.42
527,Tooele,90,US,1587327431,41,40.53,-112.3,56.14,5.82
528,Shimoda,100,JP,1587327646,92,34.67,138.95,46.99,1.99
529,Nome,90,US,1587327647,93,64.5,-165.41,37.67,1.99
530,Walvis Bay,1,NA,1587327648,82,-22.96,14.51,59.5,4.7
531,Rockland,99,US,1587327649,38,41.17,-74.05,61.38,1.01
532,Maragogi,43,BR,1587327650,77,-9.01,-35.22,80.94,8.57
533,Tigil',95,RU,1587327651,94,57.8,158.67,14.99,5.79
534,Daru,60,PG,1587327441,85,-9.08,143.21,80.19,6.51
535,Kununurra,97,AU,1587327654,88,-15.77,128.73,75.2,4.7
536,Kandrian,54,PG,1587327655,80,-6.22,149.55,81.05,3.98
537,Linxia Chengguanzhen,100,CN,1587327656,26,35.6,103.21,45.14,0.96
538,Muros,54,ES,1587327657,83,42.78,-9.06,53.33,1.99
539,Itarana,55,BR,1587327658,78,-19.87,-40.88,70.21,3.78
540,Yamada,100,JP,1587327659,91,39.47,141.95,46.74,8.01
541,Toamasina,75,MG,1587327660,94,-18.17,49.38,73.4,4.7
542,Svetlaya,100,RU,1587327662,81,46.54,138.33,37.81,2.24
543,Borzya,11,RU,1587327663,79,50.38,116.52,18.27,11.41
544,Sambava,29,MG,1587327664,89,-14.27,50.17,74.35,7.58
545,Maţāy,0,EG,1587327665,38,28.42,30.78,70.48,20.11
546,Jämsä,90,FI,1587327666,60,61.86,25.19,42.8,6.93
547,Talisay City,75,PH,1587327667,83,10.24,123.85,80.6,6.93
548,Saýat,0,TM,1587327668,55,38.78,63.88,62.6,6.24
549,Orcopampa,96,PE,1587327669,22,-15.27,-72.34,47.46,3.27
550,Kupang,41,ID,1587327671,74,-10.17,123.58,80.6,10.4
551,Namatanai,76,PG,1587327672,77,-3.67,152.43,82.09,5.86
552,Surgāna,48,IN,1587327673,41,20.57,73.62,74.57,1.32
553,Kozhva,100,RU,1587327674,95,65.11,57.05,34.27,3.67
554,Buala,54,SB,1587327675,77,-8.14,159.59,82.81,4.05
555,Bereda,43,ES,1587327676,92,43.27,-7.54,51.31,4.0
556,Jieshi,43,CN,1587327677,83,22.81,115.83,78.01,5.64
557,Port Blair,6,IN,1587327679,76,11.67,92.75,83.35,4.81
558,Kongwa,99,TZ,1587327680,70,-6.2,36.42,64.56,3.24
559,Darhan,7,MN,1587327681,74,49.49,105.92,26.64,7.36
560,Sebezh,4,RU,1587327682,94,56.3,28.47,30.6,5.73
561,Sinnamary,95,GF,1587327418,82,5.38,-52.95,80.55,15.64
562,Coos Bay,1,US,1587327622,66,43.37,-124.22,59.92,11.41
563,Kanevskaya,99,RU,1587327685,60,46.08,38.96,50.25,3.13
564,Nelson Bay,71,AU,1587327687,81,-32.72,152.15,54.82,6.93
565,Waipawa,18,NZ,1587327688,71,-41.41,175.52,55.99,14.38
566,Manta,20,EC,1587327668,58,-0.95,-80.73,84.2,10.29
567,Oyama,100,JP,1587327393,75,36.3,139.8,52.36,5.46
568,Avera,40,US,1587327691,90,33.19,-82.53,55.87,11.41
569,Līsakovsk,100,KZ,1587327692,71,52.54,62.49,45.27,6.2
570,Cristóbal Obregón,75,MX,1587327693,34,16.35,-93.53,96.8,12.75
